{"cameraMode":{"drawMode":0,"name":"Shaded","section":"Shading Mode"},"sceneLighting":true,"audioPlay":false,"sceneViewState":{"showFog":false,"showMaterialUpdate":false,"showSkybox":false,"showFlares":false,"showImageEffects":false,"showParticleSystems":false},"in2DMode":false,"pivot":{"x":-0.8907314538955689,"y":0.3735298216342926,"z":-0.6779102087020874},"rotation":{"x":-0.14718884229660035,"y":-0.5601425170898438,"z":0.10193456709384918,"w":-0.8088213205337524},"size":0.3073950409889221,"orthographic":false}